ID,Color,Size,Shape,Pattern,Material,Category,Weight,Price,Rating,Stock
1,Yellow,Small,Circle,Checked,Glass,D,6.78,291.29,2.0,198
2,Purple,Small,Square,Striped,Metal,C,6.81,417.14,1.9,121
3,Green,Large,Hexagon,Dotted,Metal,D,3.79,403.06,2.6,112
4,Purple,Medium,Triangle,Checked,Glass,C,9.42,433.88,3.8,61
5,Purple,Small,Hexagon,Dotted,Metal,C,1.76,34.51,1.9,22
6,Blue,Large,Circle,Dotted,Plastic,B,5.05,347.57,2.5,45
7,Green,Medium,Hexagon,Dotted,Glass,A,6.94,74.29,2.6,55
8,Green,Small,Triangle,Striped,Metal,C,7.0,210.83,4.9,134
9,Green,Medium,Hexagon,Checked,Glass,C,6.52,276.55,4.8,117
10,Purple,Large,Circle,Solid,Plastic,B,2.83,204.36,4.2,188
11,Yellow,Small,Square,Striped,Metal,C,1.65,262.21,2.0,130
12,Green,Medium,Hexagon,Striped,Plastic,A,6.4,498.28,1.3,165
13,Purple,Small,Circle,Striped,Metal,B,6.03,71.93,2.3,161
14,Blue,Medium,Circle,Solid,Wood,A,1.88,339.35,2.1,112
15,Yellow,Large,Triangle,Checked,Metal,A,7.08,201.02,3.0,43
16,Blue,Large,Triangle,Checked,Glass,B,4.61,70.84,4.1,127
17,Yellow,Small,Hexagon,Checked,Metal,C,6.71,83.57,4.4,107
18,Purple,Medium,Square,Dotted,Plastic,A,8.39,474.89,4.4,157
19,Red,Small,Circle,Dotted,Plastic,A,1.78,440.4,2.4,16
20,Yellow,Small,Hexagon,Dotted,Metal,A,0.29,453.99,3.7,58
21,Blue,Medium,Circle,Solid,Glass,A,7.81,495.81,2.3,137
22,Purple,Medium,Circle,Dotted,Wood,B,6.14,108.12,1.2,98
23,Yellow,Medium,Square,Solid,Glass,B,7.03,180.94,3.8,83
24,Red,Large,Square,Checked,Wood,D,8.4,336.26,1.0,145
25,Red,Small,Hexagon,Dotted,Plastic,D,8.05,244.48,2.6,44
26,Green,Small,Square,Dotted,Glass,A,9.61,212.1,2.3,107
27,Green,Large,Square,Striped,Wood,C,5.41,182.12,3.8,186
28,Blue,Medium,Hexagon,Solid,Metal,A,4.94,298.92,4.1,61
29,Yellow,Large,Square,Checked,Plastic,C,4.08,289.92,2.2,58
30,Yellow,Large,Triangle,Striped,Metal,A,1.62,84.92,4.2,176
31,Green,Large,Circle,Striped,Plastic,D,5.77,238.51,2.2,190
32,Yellow,Small,Circle,Checked,Glass,D,2.84,278.97,2.8,159
33,Yellow,Large,Circle,Striped,Glass,C,9.22,287.29,3.9,137
34,Red,Small,Circle,Solid,Plastic,A,5.87,109.0,3.8,10
35,Green,Small,Hexagon,Solid,Plastic,C,5.97,372.42,4.9,101
36,Purple,Small,Circle,Dotted,Plastic,D,3.61,17.47,1.9,69
37,Green,Medium,Circle,Striped,Glass,A,0.61,180.64,3.6,122
38,Purple,Small,Circle,Dotted,Wood,A,0.41,391.21,3.4,189
39,Red,Small,Circle,Striped,Metal,C,4.29,284.13,4.7,174
40,Blue,Medium,Triangle,Solid,Metal,B,0.94,134.28,1.6,33
41,Yellow,Small,Circle,Solid,Glass,C,6.11,349.0,4.0,100
42,Red,Large,Triangle,Solid,Metal,D,8.82,285.86,3.3,144
43,Yellow,Large,Hexagon,Striped,Plastic,D,8.84,399.14,2.1,103
44,Blue,Small,Square,Solid,Wood,D,6.62,368.84,2.9,181
45,Blue,Medium,Circle,Striped,Metal,D,2.19,307.0,2.3,39
46,Red,Large,Square,Dotted,Wood,D,8.64,246.65,3.3,18
47,Blue,Medium,Square,Striped,Plastic,B,8.87,70.93,4.6,66
48,Purple,Medium,Hexagon,Dotted,Metal,A,2.05,134.36,3.3,81
49,Blue,Large,Square,Striped,Glass,C,7.4,212.45,3.5,180
50,Yellow,Medium,Triangle,Dotted,Wood,C,2.94,301.65,3.1,63
51,Yellow,Large,Square,Solid,Plastic,D,8.05,259.29,1.2,82
52,Yellow,Medium,Square,Dotted,Wood,C,9.97,147.65,1.9,46
53,Yellow,Large,Square,Solid,Metal,D,0.4,8.2,3.0,5
54,Purple,Small,Circle,Solid,Metal,B,8.98,250.64,2.2,15
55,Green,Large,Circle,Dotted,Glass,B,6.26,146.38,1.7,199
56,Red,Large,Triangle,Striped,Plastic,A,9.74,368.63,3.0,145
57,Yellow,Large,Triangle,Striped,Plastic,B,4.7,16.85,2.3,179
58,Blue,Large,Circle,Checked,Glass,B,8.49,294.49,2.0,175
59,Yellow,Medium,Triangle,Striped,Glass,A,0.72,471.03,2.9,170
60,Blue,Small,Circle,Checked,Plastic,C,3.42,91.33,1.5,38
61,Blue,Large,Hexagon,Striped,Wood,D,0.76,238.47,4.7,176
62,Yellow,Medium,Square,Striped,Wood,D,9.76,50.25,4.5,112
63,Purple,Small,Square,Solid,Glass,C,8.19,314.71,3.8,139
64,Blue,Small,Triangle,Checked,Wood,A,8.54,277.51,1.4,137
65,Blue,Small,Circle,Striped,Plastic,C,9.39,206.65,4.1,70
66,Yellow,Small,Circle,Checked,Metal,B,0.94,263.08,4.2,109
67,Blue,Large,Triangle,Solid,Metal,A,3.92,448.8,4.1,54
68,Blue,Large,Circle,Solid,Wood,A,0.8,102.17,1.5,128
69,Yellow,Medium,Hexagon,Checked,Glass,A,2.19,16.17,3.6,48
70,Yellow,Medium,Square,Solid,Glass,D,2.37,431.52,4.3,163
71,Red,Medium,Triangle,Dotted,Glass,C,4.74,290.67,3.3,20
72,Purple,Small,Triangle,Dotted,Glass,A,2.76,445.88,3.6,36
73,Purple,Small,Circle,Solid,Glass,A,1.1,300.49,2.8,115
74,Blue,Large,Triangle,Dotted,Wood,A,1.76,406.03,3.1,23
75,Purple,Small,Hexagon,Striped,Metal,C,1.56,217.69,1.1,54
76,Blue,Small,Circle,Checked,Metal,D,9.73,376.18,3.6,24
77,Red,Small,Circle,Striped,Wood,B,7.62,456.96,1.3,134
78,Yellow,Medium,Circle,Checked,Glass,D,9.68,288.2,2.7,126
79,Yellow,Medium,Circle,Solid,Wood,A,4.45,94.49,2.2,92
80,Yellow,Large,Hexagon,Striped,Metal,D,2.86,138.05,3.2,93
81,Purple,Small,Circle,Solid,Plastic,D,8.0,103.33,1.5,70
82,Red,Small,Triangle,Solid,Wood,B,3.33,127.19,3.8,198
83,Purple,Large,Hexagon,Checked,Glass,C,3.06,156.68,4.2,121
84,Purple,Small,Square,Checked,Metal,C,2.4,279.79,1.7,23
85,Red,Small,Square,Checked,Metal,D,1.38,296.06,1.4,10
86,Red,Medium,Triangle,Striped,Metal,D,2.64,216.12,1.6,72
87,Red,Large,Triangle,Dotted,Metal,C,3.62,309.63,4.5,11
88,Red,Large,Hexagon,Checked,Glass,C,6.77,45.38,3.1,34
89,Yellow,Large,Square,Checked,Plastic,B,0.72,48.46,2.9,190
90,Green,Large,Square,Striped,Metal,A,2.18,90.06,1.4,195
91,Green,Medium,Square,Checked,Wood,D,8.11,261.45,3.6,184
92,Red,Medium,Square,Striped,Plastic,C,1.55,110.93,4.5,140
93,Green,Small,Square,Solid,Metal,D,3.49,145.23,4.3,22
94,Green,Small,Circle,Checked,Plastic,D,8.66,203.15,3.5,82
95,Red,Small,Triangle,Checked,Wood,C,1.63,406.87,1.3,166
96,Green,Small,Circle,Solid,Metal,B,0.92,11.86,1.4,87
97,Purple,Medium,Square,Solid,Wood,D,4.9,326.44,1.2,79
98,Blue,Large,Hexagon,Solid,Glass,B,3.09,336.09,2.0,96
99,Blue,Medium,Hexagon,Checked,Metal,C,5.68,400.33,1.5,139
100,Red,Small,Square,Dotted,Metal,A,8.06,466.71,2.0,33
101,Yellow,Medium,Square,Dotted,Metal,A,1.46,14.97,2.5,198
102,Red,Large,Hexagon,Dotted,Metal,D,5.85,81.12,4.8,74
103,Yellow,Large,Circle,Checked,Glass,C,5.1,443.65,3.4,158
104,Blue,Medium,Circle,Solid,Metal,B,1.53,231.97,4.3,127
105,Red,Medium,Square,Checked,Plastic,D,6.28,284.47,3.8,189
106,Purple,Medium,Circle,Solid,Metal,C,2.81,333.2,1.5,140
107,Green,Small,Hexagon,Checked,Glass,C,4.93,341.14,3.9,30
108,Yellow,Medium,Circle,Checked,Metal,B,0.91,466.21,2.1,129
109,Green,Medium,Square,Solid,Plastic,D,4.65,498.49,3.6,102
110,Green,Medium,Hexagon,Dotted,Glass,C,3.13,361.48,2.4,14
111,Red,Large,Circle,Solid,Glass,C,8.24,147.17,5.0,56
112,Green,Large,Triangle,Striped,Plastic,C,0.66,440.48,2.1,74
113,Purple,Small,Hexagon,Striped,Plastic,B,4.24,29.36,2.1,33
114,Green,Small,Hexagon,Solid,Plastic,D,4.64,119.39,4.7,102
115,Red,Large,Triangle,Checked,Plastic,D,7.28,449.21,1.1,195
116,Purple,Large,Triangle,Striped,Plastic,D,5.79,131.81,3.8,74
117,Blue,Large,Hexagon,Striped,Glass,D,6.71,114.22,3.9,28
118,Green,Medium,Triangle,Checked,Glass,A,7.79,73.37,4.3,193
119,Red,Medium,Square,Checked,Metal,A,8.64,430.26,4.9,15
120,Blue,Large,Square,Dotted,Metal,D,3.21,252.53,4.9,166
121,Blue,Medium,Square,Checked,Wood,B,5.43,339.07,1.3,76
122,Yellow,Medium,Hexagon,Solid,Metal,A,8.42,123.34,4.3,36
123,Purple,Small,Triangle,Solid,Metal,C,9.9,380.23,3.6,80
124,Green,Large,Triangle,Dotted,Plastic,A,8.91,381.2,3.6,148
125,Red,Large,Circle,Striped,Plastic,C,3.78,159.74,1.5,171
126,Yellow,Medium,Circle,Striped,Metal,D,2.03,208.29,3.6,123
127,Purple,Large,Triangle,Checked,Wood,A,4.94,108.8,4.9,18
128,Yellow,Small,Triangle,Solid,Plastic,B,7.44,488.4,4.6,198
129,Purple,Small,Triangle,Striped,Metal,A,4.98,324.57,2.8,101
130,Purple,Small,Hexagon,Dotted,Metal,A,4.88,467.6,1.2,135
131,Green,Large,Triangle,Dotted,Glass,A,8.4,155.18,2.4,76
132,Purple,Large,Circle,Solid,Wood,D,3.68,392.04,4.3,193
133,Yellow,Large,Hexagon,Dotted,Glass,B,8.61,384.1,3.8,40
134,Purple,Large,Triangle,Dotted,Wood,A,4.13,347.37,2.8,197
135,Green,Large,Circle,Solid,Plastic,B,3.35,482.99,1.2,60
136,Green,Small,Hexagon,Checked,Wood,D,4.59,199.81,2.7,25
137,Yellow,Medium,Triangle,Checked,Metal,C,7.65,69.71,2.9,70
138,Blue,Small,Triangle,Dotted,Metal,A,1.35,337.5,4.7,102
139,Blue,Large,Triangle,Checked,Wood,B,2.04,366.01,3.6,69
140,Purple,Small,Hexagon,Checked,Wood,B,9.52,289.65,2.2,106
141,Red,Large,Circle,Dotted,Wood,D,1.84,107.37,3.1,156
142,Purple,Large,Circle,Checked,Glass,A,5.72,254.71,1.3,106
143,Yellow,Small,Square,Dotted,Wood,C,5.84,159.53,4.9,102
144,Yellow,Large,Triangle,Striped,Plastic,B,4.95,216.6,2.4,193
145,Yellow,Medium,Square,Solid,Glass,A,6.48,324.38,2.9,18
146,Yellow,Large,Square,Solid,Glass,C,2.38,373.88,2.4,67
147,Yellow,Medium,Circle,Checked,Wood,B,5.57,119.95,3.7,185
148,Green,Medium,Hexagon,Checked,Plastic,B,3.78,205.64,3.6,69
149,Blue,Large,Hexagon,Checked,Glass,C,6.65,138.23,3.9,112
150,Yellow,Small,Circle,Solid,Metal,C,1.5,103.32,2.1,56
151,Red,Medium,Hexagon,Striped,Glass,D,5.75,392.78,2.3,164
152,Red,Small,Square,Striped,Wood,A,1.93,455.08,1.5,60
153,Red,Medium,Triangle,Solid,Plastic,A,2.86,188.26,3.6,91
154,Red,Large,Circle,Striped,Wood,D,2.27,376.88,1.2,29
155,Green,Large,Triangle,Solid,Metal,B,1.91,449.01,3.4,198
156,Red,Medium,Hexagon,Striped,Metal,C,8.27,423.83,4.5,152
157,Yellow,Large,Triangle,Dotted,Metal,C,2.93,95.49,4.6,126
158,Purple,Medium,Hexagon,Dotted,Wood,C,9.28,478.36,2.8,192
159,Red,Large,Hexagon,Solid,Glass,B,9.7,191.45,2.8,114
160,Green,Small,Square,Striped,Wood,C,5.76,172.92,1.3,5
161,Green,Large,Hexagon,Checked,Plastic,C,1.52,35.9,3.7,17
162,Red,Small,Square,Striped,Glass,D,3.81,245.66,4.3,9
163,Purple,Large,Square,Dotted,Metal,B,8.0,58.96,2.0,91
164,Red,Small,Square,Dotted,Wood,A,3.74,128.03,2.7,138
165,Green,Large,Circle,Striped,Metal,D,0.96,161.89,4.4,192
166,Blue,Small,Circle,Striped,Metal,D,5.61,405.37,4.5,76
167,Yellow,Medium,Hexagon,Checked,Plastic,A,8.47,438.37,2.0,100
168,Green,Medium,Square,Checked,Glass,D,7.98,154.72,3.2,83
169,Red,Small,Circle,Striped,Plastic,B,1.83,430.06,1.8,192
170,Yellow,Large,Square,Striped,Plastic,C,6.76,429.33,1.4,51
171,Red,Small,Triangle,Striped,Plastic,B,2.28,383.5,4.6,194
172,Red,Large,Triangle,Striped,Metal,A,2.26,77.61,4.3,30
173,Blue,Medium,Triangle,Solid,Plastic,A,8.75,346.71,4.0,144
174,Yellow,Large,Hexagon,Striped,Plastic,D,2.57,472.79,1.2,182
175,Yellow,Medium,Square,Checked,Glass,B,2.71,342.86,4.4,109
176,Blue,Large,Triangle,Dotted,Glass,B,0.11,169.15,2.8,92
177,Green,Large,Circle,Solid,Plastic,A,8.72,252.79,2.4,163
178,Red,Large,Triangle,Striped,Glass,B,7.95,324.63,3.2,153
179,Purple,Small,Triangle,Dotted,Glass,A,6.31,257.73,1.4,52
180,Red,Small,Triangle,Solid,Plastic,B,7.53,64.38,4.0,144
181,Red,Medium,Hexagon,Dotted,Metal,B,1.61,159.47,3.3,85
182,Green,Medium,Circle,Striped,Plastic,B,4.64,402.19,1.7,152
183,Red,Small,Square,Striped,Glass,A,3.58,431.4,1.8,1
184,Blue,Medium,Circle,Checked,Metal,D,1.03,72.96,1.7,85
185,Blue,Small,Square,Striped,Wood,B,4.91,476.43,1.2,132
186,Yellow,Large,Hexagon,Striped,Metal,A,9.22,167.77,3.4,3
187,Purple,Medium,Hexagon,Solid,Glass,A,0.5,332.85,4.4,163
188,Red,Medium,Hexagon,Checked,Metal,B,2.99,377.15,1.1,5
189,Red,Small,Hexagon,Solid,Plastic,B,2.15,406.91,1.2,148
190,Green,Medium,Square,Dotted,Wood,D,2.46,473.15,3.3,117
191,Blue,Medium,Triangle,Striped,Wood,A,9.09,159.9,4.3,88
192,Purple,Large,Square,Dotted,Wood,A,4.73,429.96,2.3,153
193,Yellow,Medium,Circle,Solid,Glass,C,4.72,70.19,2.4,182
194,Blue,Large,Hexagon,Striped,Glass,A,7.63,354.0,3.4,166
195,Yellow,Small,Hexagon,Striped,Wood,D,1.63,372.28,2.1,160
196,Green,Medium,Circle,Solid,Metal,C,4.92,340.47,1.1,13
197,Green,Large,Square,Solid,Wood,C,4.36,129.9,3.9,55
198,Red,Small,Triangle,Solid,Metal,C,6.01,437.16,3.5,80
199,Purple,Medium,Triangle,Solid,Metal,B,10.0,88.58,3.3,148
200,Yellow,Small,Circle,Solid,Glass,B,7.72,31.55,4.0,45
201,Blue,Medium,Triangle,Striped,Metal,A,4.04,360.15,3.7,143
202,Green,Small,Square,Solid,Wood,C,8.29,240.36,1.8,15
203,Red,Small,Square,Striped,Glass,D,1.79,425.3,2.4,119
204,Red,Large,Circle,Striped,Plastic,B,0.4,194.78,1.5,83
205,Yellow,Small,Square,Solid,Plastic,D,2.12,88.3,1.5,156
206,Green,Medium,Hexagon,Solid,Glass,D,3.47,419.04,3.7,7
207,Purple,Medium,Circle,Checked,Wood,B,5.15,276.71,4.4,87
208,Green,Large,Square,Striped,Plastic,B,6.19,98.65,4.9,130
209,Yellow,Medium,Circle,Solid,Plastic,B,9.11,361.59,3.5,18
210,Yellow,Medium,Triangle,Solid,Metal,B,5.15,258.0,1.7,96
211,Green,Medium,Square,Solid,Metal,C,5.06,304.13,1.4,65
212,Yellow,Small,Hexagon,Checked,Wood,C,0.6,233.14,4.3,78
213,Green,Small,Square,Checked,Glass,C,0.45,415.21,3.3,85
214,Blue,Medium,Circle,Dotted,Wood,C,5.56,415.63,3.5,123
215,Green,Large,Circle,Striped,Glass,A,4.44,356.15,4.1,149
216,Green,Small,Square,Dotted,Plastic,C,8.41,57.17,3.8,45
217,Yellow,Large,Hexagon,Solid,Metal,B,1.69,420.23,4.3,112
218,Yellow,Medium,Hexagon,Checked,Wood,D,0.35,337.15,1.2,90
219,Red,Medium,Hexagon,Checked,Wood,C,4.55,350.03,4.0,140
220,Red,Small,Circle,Dotted,Glass,A,2.45,184.68,4.4,32
221,Blue,Medium,Square,Checked,Glass,B,0.59,440.24,2.1,132
222,Red,Small,Triangle,Solid,Wood,D,7.27,364.06,3.6,76
223,Green,Medium,Circle,Checked,Glass,D,1.2,60.73,2.3,154
224,Yellow,Medium,Hexagon,Dotted,Wood,C,6.12,206.85,4.8,120
225,Red,Small,Square,Solid,Wood,D,2.88,443.76,1.1,127
226,Red,Small,Hexagon,Dotted,Wood,C,1.82,28.36,3.3,77
227,Blue,Small,Triangle,Checked,Plastic,C,3.86,480.9,1.7,151
228,Blue,Medium,Hexagon,Dotted,Glass,B,8.03,341.19,3.8,66
229,Green,Medium,Hexagon,Dotted,Metal,B,3.98,317.53,1.7,114
230,Yellow,Large,Triangle,Striped,Metal,A,7.53,138.93,1.9,62
231,Blue,Small,Square,Checked,Glass,B,1.34,128.15,3.0,112
232,Red,Medium,Circle,Checked,Wood,B,7.75,471.32,4.7,93
233,Yellow,Medium,Square,Dotted,Metal,C,2.45,152.64,1.8,47
234,Yellow,Small,Triangle,Striped,Metal,B,6.81,388.88,1.6,190
235,Red,Large,Hexagon,Checked,Glass,C,5.7,199.6,4.0,11
236,Blue,Small,Square,Solid,Metal,C,9.3,73.93,3.0,155
237,Red,Large,Circle,Dotted,Wood,B,3.93,10.3,4.6,171
238,Yellow,Medium,Triangle,Checked,Glass,A,0.76,274.41,1.6,170
239,Purple,Large,Square,Solid,Wood,A,0.29,488.01,3.6,144
240,Purple,Medium,Circle,Checked,Metal,D,8.29,187.72,1.9,39
241,Green,Small,Triangle,Solid,Metal,D,5.29,181.81,1.6,176
242,Red,Small,Circle,Dotted,Wood,B,7.77,175.33,3.7,84
243,Red,Small,Triangle,Checked,Plastic,A,2.42,262.67,3.4,56
244,Green,Large,Hexagon,Checked,Metal,C,3.52,223.13,4.0,86
245,Green,Medium,Square,Striped,Plastic,D,0.4,440.56,2.2,83
246,Green,Small,Circle,Dotted,Metal,C,9.62,255.23,2.8,191
247,Yellow,Small,Triangle,Solid,Plastic,D,6.71,256.34,2.6,184
248,Red,Medium,Circle,Checked,Plastic,B,9.34,73.49,4.9,120
249,Yellow,Small,Circle,Checked,Plastic,A,2.73,491.46,2.2,73
250,Green,Medium,Square,Solid,Wood,D,6.15,128.74,2.2,106
251,Red,Medium,Hexagon,Dotted,Plastic,A,6.82,41.32,2.4,123
252,Yellow,Medium,Circle,Striped,Plastic,C,3.24,333.26,3.3,197
253,Yellow,Medium,Triangle,Striped,Plastic,B,8.5,299.71,2.0,99
254,Green,Medium,Triangle,Checked,Metal,A,9.48,210.5,4.7,42
255,Red,Large,Hexagon,Solid,Plastic,B,8.86,213.99,2.1,118
256,Green,Small,Triangle,Checked,Metal,A,7.42,393.61,4.6,22
257,Red,Large,Hexagon,Solid,Plastic,C,2.85,101.88,1.4,154
258,Purple,Small,Triangle,Striped,Plastic,C,2.89,411.03,3.6,185
259,Blue,Large,Square,Dotted,Wood,B,9.64,326.13,4.6,36
260,Blue,Medium,Circle,Solid,Metal,C,0.2,212.39,1.7,133
261,Blue,Small,Square,Striped,Plastic,D,7.19,231.72,4.9,64
262,Green,Small,Circle,Checked,Metal,A,7.09,132.04,2.8,133
263,Purple,Large,Circle,Solid,Metal,C,6.26,377.3,4.8,177
264,Red,Large,Circle,Dotted,Glass,D,9.9,258.87,3.7,21
265,Yellow,Small,Square,Checked,Wood,B,3.19,163.82,2.2,104
266,Red,Large,Circle,Checked,Wood,D,3.47,300.04,1.8,87
267,Yellow,Large,Square,Striped,Wood,B,0.88,497.89,2.2,152
268,Red,Large,Hexagon,Solid,Glass,B,4.48,220.45,1.4,124
269,Purple,Medium,Triangle,Checked,Glass,A,2.68,460.74,1.6,78
270,Yellow,Medium,Triangle,Dotted,Wood,A,3.5,175.78,1.4,89
271,Green,Large,Circle,Solid,Glass,D,8.36,32.09,2.7,199
272,Red,Large,Square,Dotted,Glass,A,9.36,106.1,4.2,50
273,Red,Medium,Triangle,Checked,Glass,A,1.94,212.25,1.6,175
274,Yellow,Medium,Square,Dotted,Wood,A,3.79,113.72,1.5,101
275,Green,Small,Square,Striped,Wood,D,9.29,5.11,3.6,197
276,Green,Small,Circle,Dotted,Wood,C,0.71,457.93,1.8,105
277,Purple,Medium,Triangle,Solid,Glass,A,1.01,422.72,1.4,192
278,Green,Large,Circle,Dotted,Wood,A,1.71,372.43,1.7,59
279,Green,Large,Circle,Dotted,Glass,D,5.99,88.07,4.7,45
280,Green,Large,Triangle,Striped,Plastic,C,1.59,64.58,4.3,35
281,Blue,Large,Triangle,Dotted,Glass,A,9.68,38.46,2.4,185
282,Purple,Small,Hexagon,Dotted,Metal,B,4.52,363.39,3.6,165
283,Red,Medium,Hexagon,Checked,Wood,D,5.07,464.76,3.1,10
284,Yellow,Large,Square,Checked,Wood,A,2.54,218.12,3.7,11
285,Red,Small,Triangle,Solid,Metal,A,4.76,63.97,3.7,169
286,Purple,Large,Hexagon,Checked,Glass,B,6.65,258.63,3.5,38
287,Yellow,Medium,Square,Checked,Plastic,B,7.54,177.67,2.1,198
288,Purple,Small,Square,Checked,Metal,D,7.56,190.54,1.2,138
289,Green,Medium,Square,Checked,Metal,D,5.82,312.56,2.8,35
290,Yellow,Medium,Hexagon,Striped,Glass,B,9.05,360.77,4.6,51
291,Green,Small,Triangle,Checked,Wood,D,8.19,59.75,3.3,30
292,Red,Small,Circle,Striped,Glass,B,7.59,22.62,4.3,32
293,Red,Small,Square,Striped,Metal,A,0.65,497.19,5.0,140
294,Yellow,Small,Hexagon,Checked,Metal,B,0.17,120.2,1.7,145
295,Yellow,Small,Hexagon,Dotted,Wood,B,2.2,31.65,3.8,168
296,Purple,Small,Circle,Striped,Wood,C,6.67,98.99,3.7,57
297,Purple,Small,Circle,Dotted,Wood,B,4.17,24.28,4.9,183
298,Green,Large,Hexagon,Dotted,Glass,B,4.08,198.95,4.9,151
299,Yellow,Medium,Triangle,Checked,Wood,C,8.86,402.19,3.7,127
300,Red,Small,Circle,Solid,Metal,D,8.97,173.92,2.0,30
301,Purple,Large,Hexagon,Checked,Metal,C,9.1,224.87,4.2,54
302,Purple,Large,Circle,Solid,Plastic,A,3.21,339.42,1.4,9
303,Red,Large,Triangle,Solid,Glass,C,6.94,256.9,4.1,187
304,Purple,Medium,Square,Checked,Plastic,A,2.79,431.42,4.6,129
305,Green,Small,Circle,Checked,Metal,D,1.99,433.69,2.5,14
306,Yellow,Large,Triangle,Solid,Plastic,C,1.93,9.91,3.5,2
307,Red,Medium,Hexagon,Checked,Metal,C,3.49,390.13,2.7,42
308,Yellow,Medium,Circle,Solid,Plastic,D,4.36,233.06,2.8,158
309,Purple,Medium,Circle,Dotted,Wood,A,8.33,494.48,2.2,197
310,Purple,Large,Hexagon,Checked,Plastic,C,1.29,244.2,4.0,66
311,Red,Small,Square,Dotted,Wood,A,7.38,493.51,4.7,55
312,Green,Large,Hexagon,Striped,Wood,C,5.36,378.51,4.8,62
313,Blue,Large,Circle,Dotted,Glass,B,2.95,128.06,1.7,14
314,Red,Small,Hexagon,Dotted,Wood,C,4.98,271.51,4.5,108
315,Blue,Small,Triangle,Solid,Wood,D,3.07,496.11,3.9,115
316,Blue,Small,Hexagon,Dotted,Plastic,D,6.0,429.48,2.0,91
317,Green,Medium,Circle,Checked,Metal,A,4.4,53.2,1.3,137
318,Blue,Small,Hexagon,Solid,Glass,C,1.73,354.65,2.1,165
319,Blue,Large,Square,Striped,Wood,A,1.25,176.06,4.6,46
320,Green,Small,Hexagon,Checked,Glass,A,5.51,8.46,3.5,56
321,Blue,Large,Square,Striped,Plastic,B,9.03,204.72,3.9,49
322,Blue,Medium,Triangle,Dotted,Wood,B,3.51,121.2,2.0,70
323,Blue,Large,Square,Checked,Plastic,D,7.36,410.34,3.9,142
324,Red,Large,Hexagon,Checked,Glass,A,6.62,171.98,1.1,145
325,Red,Small,Circle,Striped,Plastic,D,9.32,414.62,2.5,81
326,Red,Small,Square,Checked,Glass,C,8.23,5.3,3.5,115
327,Green,Large,Triangle,Checked,Plastic,A,5.71,157.37,1.6,104
328,Purple,Small,Square,Checked,Glass,A,6.6,124.38,4.3,87
329,Blue,Medium,Square,Dotted,Metal,C,8.99,120.62,1.9,1
330,Blue,Medium,Square,Striped,Plastic,C,4.06,38.75,3.6,103
331,Green,Small,Triangle,Checked,Plastic,D,3.34,97.63,2.6,83
332,Blue,Medium,Hexagon,Solid,Metal,D,0.21,280.0,3.4,42
333,Red,Small,Square,Solid,Metal,C,8.28,149.22,1.4,153
334,Purple,Large,Square,Solid,Plastic,D,8.03,211.61,1.1,70
335,Yellow,Large,Circle,Solid,Metal,C,1.13,191.55,4.6,165
336,Blue,Medium,Triangle,Dotted,Wood,A,5.81,438.57,2.1,93
337,Red,Small,Square,Checked,Glass,A,4.69,453.12,4.3,41
338,Yellow,Small,Triangle,Striped,Glass,B,1.28,249.01,5.0,132
339,Purple,Medium,Square,Checked,Glass,A,9.81,168.43,1.8,138
340,Yellow,Large,Hexagon,Dotted,Wood,C,2.23,57.87,2.1,64
341,Red,Medium,Hexagon,Solid,Metal,D,0.77,476.93,3.7,33
342,Yellow,Large,Square,Dotted,Metal,B,5.99,34.81,4.9,119
343,Green,Small,Hexagon,Checked,Plastic,D,7.41,152.34,4.7,0
344,Yellow,Large,Square,Striped,Metal,C,0.42,152.54,3.0,129
345,Blue,Medium,Hexagon,Dotted,Plastic,A,6.62,163.6,4.2,147
346,Blue,Small,Circle,Striped,Wood,B,5.37,86.32,1.5,60
347,Green,Medium,Circle,Dotted,Glass,C,1.12,392.66,4.9,148
348,Red,Medium,Circle,Striped,Glass,B,1.81,65.64,4.9,87
349,Blue,Large,Triangle,Striped,Glass,B,5.72,319.28,1.7,67
350,Purple,Medium,Triangle,Solid,Metal,A,3.03,66.3,2.2,126
351,Blue,Large,Circle,Striped,Plastic,C,9.39,39.92,1.4,139
352,Blue,Small,Triangle,Solid,Plastic,D,8.21,455.17,2.1,21
353,Red,Large,Hexagon,Checked,Wood,B,9.84,99.11,4.3,147
354,Yellow,Small,Square,Checked,Metal,B,2.67,411.52,2.5,81
355,Blue,Large,Square,Solid,Wood,D,9.7,274.59,1.4,128
356,Green,Medium,Square,Solid,Plastic,C,4.37,43.54,2.4,29
357,Yellow,Large,Circle,Dotted,Plastic,B,3.54,477.95,4.9,125
358,Purple,Large,Triangle,Dotted,Glass,B,0.6,127.25,3.5,96
359,Red,Small,Hexagon,Dotted,Metal,B,0.62,430.52,2.7,23
360,Purple,Medium,Hexagon,Checked,Plastic,C,6.95,88.56,1.7,13
361,Yellow,Large,Circle,Dotted,Glass,C,4.63,427.7,4.9,35
362,Yellow,Medium,Hexagon,Striped,Metal,D,2.34,11.55,4.3,196
363,Yellow,Large,Hexagon,Striped,Wood,C,6.18,258.33,2.1,23
364,Purple,Large,Hexagon,Dotted,Metal,C,2.6,385.87,1.3,187
365,Yellow,Medium,Hexagon,Striped,Metal,A,5.82,467.72,1.2,94
366,Purple,Large,Triangle,Checked,Plastic,D,3.66,455.06,1.5,54
367,Yellow,Medium,Hexagon,Striped,Plastic,B,8.25,410.71,3.3,23
368,Green,Large,Square,Checked,Metal,C,8.22,444.65,4.7,151
369,Yellow,Small,Circle,Solid,Plastic,B,4.83,103.61,3.0,181
370,Purple,Medium,Triangle,Solid,Plastic,B,3.57,145.67,4.4,25
371,Blue,Large,Hexagon,Solid,Plastic,A,3.69,148.04,2.8,193
372,Yellow,Large,Triangle,Solid,Glass,C,8.08,191.64,3.8,79
373,Blue,Small,Hexagon,Striped,Glass,D,3.35,199.69,3.9,165
374,Green,Medium,Square,Dotted,Metal,C,2.17,274.55,1.7,64
375,Red,Large,Circle,Striped,Plastic,B,0.94,84.14,2.4,74
376,Green,Small,Hexagon,Checked,Glass,D,4.72,347.17,3.5,178
377,Yellow,Large,Hexagon,Striped,Metal,C,4.87,87.95,1.3,162
378,Blue,Medium,Hexagon,Striped,Plastic,B,8.42,158.6,2.4,42
379,Blue,Large,Hexagon,Checked,Wood,B,2.29,254.16,3.1,28
380,Purple,Large,Circle,Solid,Plastic,A,3.87,399.24,5.0,164
381,Blue,Large,Circle,Solid,Plastic,A,8.1,371.04,2.9,80
382,Purple,Large,Square,Solid,Glass,A,8.25,324.54,4.3,185
383,Red,Small,Circle,Dotted,Metal,B,3.91,82.11,2.7,53
384,Yellow,Small,Hexagon,Checked,Metal,C,4.65,275.79,4.2,38
385,Purple,Medium,Square,Checked,Glass,A,3.1,48.29,3.4,41
386,Red,Small,Square,Striped,Plastic,C,9.33,191.79,4.5,155
387,Blue,Small,Square,Dotted,Wood,A,1.27,209.69,2.6,28
388,Blue,Medium,Hexagon,Solid,Plastic,D,9.34,24.71,3.4,170
389,Red,Small,Triangle,Dotted,Plastic,D,6.87,140.62,3.5,130
390,Blue,Small,Hexagon,Checked,Wood,A,5.36,478.05,2.7,137
391,Red,Medium,Circle,Checked,Glass,B,0.42,477.05,1.6,186
392,Purple,Medium,Circle,Striped,Metal,A,4.81,179.4,1.4,141
393,Purple,Medium,Hexagon,Striped,Glass,A,4.14,26.33,1.1,174
394,Red,Large,Hexagon,Checked,Glass,B,1.7,93.65,4.5,41
395,Purple,Large,Square,Solid,Plastic,D,6.6,199.15,1.9,93
396,Purple,Medium,Hexagon,Solid,Metal,C,9.71,474.15,1.8,159
397,Purple,Medium,Square,Dotted,Metal,A,5.67,74.89,3.9,31
398,Green,Medium,Circle,Checked,Glass,B,7.18,382.94,2.3,169
399,Yellow,Large,Square,Checked,Wood,A,0.78,58.8,3.0,159
400,Blue,Large,Hexagon,Solid,Glass,B,4.23,490.72,1.7,25
401,Green,Small,Circle,Solid,Wood,C,1.25,193.9,4.8,114
402,Purple,Small,Triangle,Checked,Metal,C,6.17,388.74,4.4,128
403,Red,Medium,Square,Striped,Glass,D,9.39,174.58,4.5,55
404,Purple,Large,Circle,Checked,Plastic,B,6.65,315.7,2.6,121
405,Yellow,Large,Square,Checked,Glass,B,0.86,100.05,4.0,105
406,Purple,Large,Circle,Solid,Metal,D,3.61,77.28,1.6,129
407,Red,Medium,Circle,Solid,Plastic,D,5.55,469.34,1.0,80
408,Yellow,Small,Square,Striped,Plastic,B,4.09,459.24,1.1,157
409,Purple,Medium,Triangle,Striped,Wood,D,8.35,444.3,3.3,119
410,Yellow,Small,Circle,Dotted,Plastic,C,8.17,314.59,2.8,198
411,Blue,Small,Circle,Checked,Plastic,A,6.16,405.09,3.1,51
412,Blue,Medium,Circle,Solid,Glass,C,3.8,39.17,1.0,90
413,Purple,Small,Triangle,Striped,Metal,D,2.63,170.72,2.7,136
414,Yellow,Small,Triangle,Dotted,Wood,B,1.15,160.28,3.9,21
415,Red,Large,Hexagon,Dotted,Glass,B,3.61,319.64,2.8,33
416,Purple,Small,Square,Solid,Plastic,C,4.19,181.2,3.9,109
417,Blue,Medium,Triangle,Solid,Plastic,B,6.79,78.51,1.9,48
418,Blue,Medium,Square,Dotted,Wood,D,6.62,300.25,4.3,128
419,Purple,Small,Hexagon,Striped,Metal,C,0.79,408.12,3.4,72
420,Yellow,Large,Square,Dotted,Wood,B,4.01,194.15,1.8,83
421,Blue,Large,Triangle,Checked,Glass,A,1.9,70.47,1.9,52
422,Yellow,Small,Square,Checked,Wood,A,1.65,102.36,3.5,99
423,Blue,Small,Triangle,Solid,Plastic,D,8.29,122.55,4.3,123
424,Blue,Medium,Square,Striped,Glass,B,0.51,153.45,2.7,167
425,Green,Small,Triangle,Striped,Plastic,D,4.25,323.18,2.0,44
426,Blue,Large,Triangle,Checked,Metal,C,1.77,302.47,4.5,195
427,Red,Small,Square,Dotted,Plastic,A,8.81,349.56,3.7,136
428,Purple,Medium,Hexagon,Solid,Plastic,C,5.61,184.44,2.8,104
429,Purple,Medium,Circle,Dotted,Wood,B,2.39,412.88,3.0,149
430,Yellow,Medium,Hexagon,Dotted,Plastic,D,5.07,106.02,1.8,145
431,Blue,Medium,Square,Dotted,Glass,D,7.34,237.18,3.5,105
432,Red,Medium,Hexagon,Striped,Glass,D,9.59,401.46,2.4,42
433,Yellow,Small,Triangle,Checked,Metal,C,2.28,94.18,5.0,166
434,Green,Small,Circle,Striped,Glass,A,8.87,59.38,2.9,133
435,Yellow,Small,Square,Checked,Wood,C,9.35,442.42,2.9,47
436,Yellow,Small,Square,Solid,Metal,C,9.17,174.75,3.3,125
437,Blue,Medium,Square,Solid,Glass,B,6.39,343.52,4.7,6
438,Green,Large,Circle,Dotted,Wood,B,6.34,17.55,4.2,196
439,Yellow,Small,Triangle,Checked,Glass,B,4.09,346.57,2.8,15
440,Red,Large,Square,Checked,Glass,A,7.55,161.47,3.9,128
441,Red,Small,Hexagon,Checked,Plastic,A,5.36,32.59,3.3,114
442,Purple,Small,Square,Dotted,Glass,B,6.81,306.86,3.0,36
443,Green,Large,Square,Dotted,Glass,B,4.34,124.2,1.8,164
444,Green,Medium,Square,Solid,Wood,A,7.34,196.47,2.9,124
445,Purple,Small,Square,Striped,Wood,D,8.26,44.89,2.0,80
446,Yellow,Small,Triangle,Checked,Plastic,A,1.55,77.85,4.7,191
447,Green,Small,Hexagon,Checked,Glass,A,8.35,152.5,2.3,61
448,Red,Large,Triangle,Striped,Plastic,A,5.45,49.43,4.8,71
449,Red,Medium,Hexagon,Checked,Glass,B,8.46,455.86,3.1,188
450,Blue,Large,Square,Dotted,Metal,D,4.37,7.99,3.5,124
451,Green,Large,Circle,Dotted,Metal,A,3.85,244.51,3.2,160
452,Yellow,Medium,Triangle,Checked,Plastic,B,9.16,66.01,1.5,65
453,Purple,Large,Circle,Dotted,Plastic,C,2.59,157.3,2.5,29
454,Purple,Medium,Triangle,Dotted,Plastic,C,8.46,463.4,1.4,19
455,Yellow,Small,Square,Checked,Wood,A,4.89,85.04,3.5,187
456,Blue,Medium,Triangle,Solid,Wood,C,5.19,483.09,2.8,81
457,Purple,Small,Square,Striped,Wood,D,3.15,106.87,4.1,106
458,Green,Large,Triangle,Dotted,Plastic,C,5.77,372.08,1.9,151
459,Blue,Large,Square,Solid,Glass,C,3.32,275.61,1.7,131
460,Green,Small,Square,Dotted,Metal,D,0.49,442.82,2.6,36
461,Red,Large,Hexagon,Dotted,Plastic,A,2.79,279.23,4.7,131
462,Blue,Medium,Square,Striped,Wood,A,0.16,269.61,3.8,76
463,Purple,Small,Hexagon,Dotted,Wood,D,9.79,101.75,2.7,88
464,Blue,Large,Square,Striped,Plastic,D,9.66,87.28,3.1,145
465,Blue,Small,Circle,Striped,Plastic,D,4.01,458.66,1.3,87
466,Blue,Medium,Square,Striped,Wood,C,7.31,167.28,4.9,193
467,Blue,Medium,Circle,Solid,Glass,D,3.52,189.18,3.7,175
468,Green,Large,Circle,Checked,Wood,B,6.74,381.11,2.1,32
469,Red,Medium,Square,Solid,Wood,C,8.07,172.72,3.3,57
470,Yellow,Small,Circle,Checked,Plastic,A,9.47,476.27,1.4,27
471,Blue,Medium,Hexagon,Checked,Glass,A,4.06,370.27,4.9,34
472,Purple,Small,Triangle,Striped,Wood,A,7.85,300.73,1.7,124
473,Blue,Small,Square,Dotted,Wood,C,2.73,441.04,3.6,137
474,Purple,Medium,Circle,Striped,Metal,B,9.9,29.55,2.0,64
475,Green,Large,Square,Dotted,Plastic,D,0.36,132.25,3.9,41
476,Purple,Medium,Hexagon,Checked,Metal,D,6.07,235.19,4.1,84
477,Yellow,Small,Square,Striped,Metal,A,6.63,117.35,3.7,136
478,Red,Small,Square,Dotted,Wood,A,6.91,373.23,3.5,187
479,Purple,Medium,Circle,Solid,Plastic,C,1.29,460.01,4.6,110
480,Purple,Large,Hexagon,Dotted,Glass,B,9.39,214.77,1.3,14
481,Red,Large,Triangle,Striped,Wood,D,1.89,174.36,2.3,184
482,Yellow,Small,Triangle,Solid,Glass,C,6.27,480.97,2.0,68
483,Blue,Small,Circle,Dotted,Glass,D,2.3,225.2,5.0,104
484,Purple,Large,Square,Dotted,Plastic,A,3.14,247.08,2.6,149
485,Red,Medium,Circle,Dotted,Metal,D,5.51,179.07,3.9,63
486,Green,Small,Circle,Dotted,Plastic,B,4.23,455.23,3.7,40
487,Red,Small,Circle,Dotted,Glass,B,1.69,286.63,1.8,70
488,Green,Large,Square,Solid,Wood,A,1.79,382.28,2.0,55
489,Yellow,Medium,Hexagon,Checked,Glass,B,4.24,406.84,2.1,150
490,Blue,Large,Circle,Solid,Wood,B,7.6,174.22,2.6,24
491,Red,Medium,Square,Solid,Wood,C,8.99,219.68,1.9,104
492,Purple,Medium,Hexagon,Solid,Plastic,D,0.93,424.99,1.1,133
493,Yellow,Medium,Circle,Checked,Glass,A,3.99,184.81,4.5,118
494,Red,Small,Triangle,Striped,Metal,A,1.09,398.0,4.9,161
495,Purple,Large,Hexagon,Checked,Glass,A,0.26,470.79,2.4,190
496,Red,Large,Circle,Solid,Glass,A,6.65,313.49,2.4,8
497,Green,Medium,Hexagon,Dotted,Metal,A,6.06,372.11,1.0,59
498,Red,Small,Hexagon,Dotted,Plastic,B,1.71,403.52,3.7,124
499,Red,Small,Hexagon,Solid,Glass,C,2.41,423.29,4.3,48
500,Red,Large,Hexagon,Dotted,Glass,A,0.33,200.55,1.6,50
501,Yellow,Small,Hexagon,Solid,Wood,C,8.37,30.38,1.6,187
502,Red,Small,Hexagon,Dotted,Glass,C,9.75,203.93,4.2,69
503,Purple,Medium,Circle,Checked,Metal,B,1.44,338.51,3.5,36
504,Green,Small,Triangle,Striped,Wood,A,2.39,227.92,1.2,30
505,Green,Medium,Square,Striped,Plastic,B,8.7,375.74,3.5,168
506,Red,Large,Hexagon,Checked,Wood,A,9.27,181.71,2.2,61
507,Yellow,Small,Square,Checked,Metal,B,4.25,319.2,2.5,92
508,Yellow,Large,Circle,Solid,Metal,C,0.6,97.28,4.1,185
509,Purple,Large,Hexagon,Solid,Wood,A,0.49,375.94,4.2,13
510,Red,Small,Triangle,Solid,Plastic,D,5.78,275.12,2.6,163
511,Green,Small,Square,Dotted,Wood,C,3.99,106.01,4.8,163
512,Yellow,Large,Hexagon,Solid,Plastic,D,0.38,149.5,2.6,78
513,Red,Small,Circle,Checked,Wood,C,5.87,375.56,4.1,7
514,Yellow,Medium,Triangle,Striped,Metal,B,0.21,243.89,2.9,153
515,Yellow,Medium,Square,Dotted,Glass,A,7.89,111.94,4.6,35
516,Green,Small,Square,Solid,Glass,C,3.13,483.8,4.6,47
517,Blue,Large,Hexagon,Dotted,Plastic,B,0.5,358.99,1.3,84
518,Purple,Small,Triangle,Dotted,Plastic,A,5.92,478.78,4.7,27
519,Purple,Small,Triangle,Solid,Plastic,A,4.04,216.42,4.3,195
520,Green,Large,Triangle,Dotted,Metal,C,9.74,240.17,4.2,189
521,Yellow,Large,Triangle,Striped,Wood,A,5.49,449.49,1.8,50
522,Red,Medium,Circle,Checked,Metal,C,2.82,264.9,4.2,103
523,Yellow,Large,Triangle,Checked,Glass,A,7.12,355.1,4.4,169
524,Green,Medium,Square,Striped,Plastic,D,2.79,129.83,2.2,100
525,Purple,Large,Square,Dotted,Wood,B,9.05,226.13,4.8,28
526,Yellow,Small,Circle,Solid,Glass,D,3.81,66.11,1.2,126
527,Purple,Medium,Square,Dotted,Glass,C,5.54,106.96,1.6,81
528,Red,Medium,Square,Striped,Glass,D,0.6,5.47,3.2,9
529,Purple,Medium,Triangle,Dotted,Metal,C,4.32,24.44,3.3,105
530,Purple,Small,Square,Checked,Plastic,A,8.34,488.76,3.6,166
531,Blue,Small,Circle,Dotted,Glass,A,8.08,124.97,1.1,0
532,Blue,Small,Triangle,Striped,Plastic,C,2.32,333.34,4.8,38
533,Blue,Small,Hexagon,Checked,Metal,D,2.34,420.35,1.2,20
534,Purple,Small,Triangle,Dotted,Glass,A,8.19,277.58,1.6,64
535,Green,Medium,Circle,Dotted,Metal,B,9.31,80.81,1.1,14
536,Purple,Small,Triangle,Checked,Metal,A,1.04,365.42,3.3,131
537,Green,Medium,Triangle,Solid,Plastic,B,4.56,302.12,4.7,187
538,Green,Small,Circle,Checked,Glass,D,3.44,366.97,3.7,60
539,Blue,Large,Triangle,Solid,Metal,B,8.72,386.02,4.3,147
540,Yellow,Medium,Circle,Striped,Glass,B,0.93,487.83,1.1,137
541,Red,Large,Circle,Striped,Plastic,B,2.19,288.91,3.2,86
542,Blue,Medium,Hexagon,Checked,Metal,B,7.55,174.11,2.8,104
543,Blue,Large,Square,Checked,Plastic,A,0.61,325.99,3.0,33
544,Yellow,Small,Square,Striped,Glass,B,4.98,38.88,1.3,123
545,Red,Small,Triangle,Solid,Glass,A,4.48,449.21,3.7,109
546,Purple,Small,Triangle,Striped,Plastic,B,3.41,64.09,3.0,175
547,Purple,Medium,Hexagon,Checked,Wood,C,4.01,167.28,4.1,32
548,Blue,Large,Hexagon,Striped,Metal,D,5.35,408.79,2.9,97
549,Red,Small,Hexagon,Checked,Glass,B,1.7,300.67,1.6,60
550,Blue,Large,Circle,Checked,Glass,C,5.76,199.85,3.6,9
551,Green,Large,Hexagon,Striped,Metal,B,8.07,239.35,1.7,181
552,Blue,Small,Hexagon,Solid,Plastic,B,7.63,428.0,4.5,83
553,Blue,Small,Triangle,Dotted,Plastic,B,1.62,173.3,3.5,64
554,Purple,Large,Hexagon,Striped,Plastic,C,1.58,435.48,1.6,76
555,Purple,Small,Circle,Dotted,Wood,D,2.75,48.63,4.8,0
556,Purple,Small,Circle,Striped,Wood,C,3.67,389.52,3.1,132
557,Green,Small,Triangle,Dotted,Glass,D,4.14,424.54,1.3,79
558,Purple,Medium,Hexagon,Solid,Plastic,B,6.83,95.0,3.5,14
559,Red,Large,Hexagon,Solid,Metal,A,0.66,218.02,2.0,27
560,Yellow,Large,Circle,Striped,Glass,B,0.44,86.92,4.2,22
561,Red,Medium,Hexagon,Checked,Metal,D,3.98,354.77,4.3,108
562,Red,Large,Hexagon,Dotted,Glass,C,7.0,270.0,4.9,106
563,Purple,Small,Hexagon,Checked,Wood,B,2.02,319.49,3.0,144
564,Yellow,Large,Square,Checked,Glass,C,6.45,102.26,2.8,112
565,Yellow,Small,Triangle,Checked,Wood,C,2.67,109.81,4.0,97
566,Yellow,Medium,Square,Solid,Glass,C,8.87,25.54,1.5,140
567,Green,Small,Triangle,Striped,Plastic,B,8.97,164.42,3.2,141
568,Purple,Large,Circle,Striped,Metal,C,3.04,282.07,3.2,138
569,Yellow,Large,Hexagon,Solid,Plastic,C,2.38,429.68,1.4,27
570,Green,Large,Triangle,Solid,Glass,B,4.17,335.13,2.7,41
571,Blue,Medium,Square,Striped,Glass,C,2.48,220.52,4.4,98
572,Blue,Medium,Hexagon,Checked,Glass,B,6.76,476.79,4.4,60
573,Green,Large,Circle,Dotted,Wood,D,8.28,361.03,1.4,122
574,Green,Small,Triangle,Dotted,Metal,D,6.76,465.43,1.4,63
575,Purple,Medium,Triangle,Dotted,Metal,D,8.26,266.16,2.1,30
576,Purple,Large,Triangle,Checked,Glass,C,4.03,133.16,4.5,80
577,Blue,Large,Hexagon,Striped,Glass,A,1.65,31.15,1.5,9
578,Yellow,Medium,Square,Solid,Wood,A,7.41,364.41,3.9,7
579,Blue,Medium,Square,Striped,Plastic,C,3.67,65.04,1.4,148
580,Yellow,Medium,Triangle,Checked,Plastic,A,6.75,154.87,3.5,58
581,Yellow,Small,Circle,Solid,Metal,B,2.78,268.57,2.4,177
582,Purple,Small,Circle,Checked,Wood,A,0.9,284.39,4.2,196
583,Red,Large,Square,Dotted,Glass,C,9.93,302.29,1.9,197
584,Red,Medium,Circle,Dotted,Metal,C,1.65,87.3,3.6,29
585,Green,Small,Square,Checked,Wood,B,9.89,192.97,1.9,144
586,Purple,Medium,Triangle,Solid,Plastic,D,9.78,310.51,3.9,19
587,Yellow,Large,Square,Solid,Wood,C,7.96,485.06,4.5,47
588,Red,Small,Square,Striped,Plastic,B,6.63,365.18,1.5,129
589,Yellow,Small,Triangle,Dotted,Wood,A,5.82,461.69,4.5,36
590,Red,Small,Circle,Striped,Metal,A,8.67,382.29,3.4,128
591,Red,Large,Square,Striped,Plastic,B,2.97,297.9,1.5,131
592,Red,Medium,Square,Checked,Metal,B,4.73,100.05,2.7,99
593,Purple,Small,Triangle,Checked,Metal,C,6.23,335.01,1.6,53
594,Blue,Large,Circle,Striped,Plastic,A,4.17,313.57,3.8,121
595,Yellow,Medium,Square,Dotted,Plastic,B,4.33,303.22,4.0,24
596,Purple,Large,Triangle,Checked,Glass,A,3.37,247.44,1.4,130
597,Purple,Medium,Square,Striped,Glass,B,5.69,266.69,3.0,8
598,Purple,Large,Hexagon,Striped,Glass,A,8.52,170.55,4.3,33
599,Purple,Medium,Triangle,Striped,Metal,D,2.1,262.06,4.7,42
600,Purple,Small,Circle,Striped,Metal,C,9.35,102.79,3.1,73
601,Green,Medium,Circle,Striped,Glass,A,6.92,403.56,4.8,93
602,Yellow,Large,Circle,Striped,Metal,D,8.25,96.96,3.1,21
603,Purple,Large,Circle,Checked,Metal,A,5.61,47.06,2.6,69
604,Yellow,Medium,Square,Dotted,Plastic,A,7.82,220.94,4.4,129
605,Green,Small,Square,Striped,Plastic,D,0.26,330.86,3.0,93
606,Green,Small,Circle,Solid,Metal,A,8.2,221.67,2.9,193
607,Yellow,Medium,Circle,Checked,Glass,A,0.5,141.99,3.0,31
608,Red,Medium,Circle,Checked,Wood,C,8.91,281.29,4.4,105
609,Blue,Large,Square,Striped,Glass,D,9.92,176.77,4.3,143
610,Red,Small,Circle,Checked,Wood,D,3.01,466.77,2.6,0
611,Red,Medium,Circle,Striped,Glass,B,2.18,461.71,2.3,71
612,Red,Small,Hexagon,Dotted,Plastic,A,7.68,253.67,3.0,175
613,Purple,Medium,Hexagon,Dotted,Metal,C,2.6,167.3,3.3,49
614,Green,Medium,Circle,Checked,Metal,A,8.67,369.88,2.0,140
615,Red,Small,Triangle,Checked,Plastic,A,1.12,23.17,4.2,14
616,Green,Medium,Circle,Solid,Wood,B,1.35,240.01,2.9,52
617,Yellow,Medium,Hexagon,Checked,Wood,A,9.79,171.48,2.3,171
618,Blue,Large,Triangle,Solid,Wood,C,6.77,460.67,1.4,7
619,Yellow,Medium,Triangle,Dotted,Plastic,C,8.48,10.94,2.0,73
620,Yellow,Medium,Circle,Dotted,Wood,B,3.31,278.64,4.8,45
621,Purple,Medium,Hexagon,Striped,Plastic,A,6.8,371.63,2.2,68
622,Blue,Large,Hexagon,Dotted,Glass,C,5.98,245.08,1.7,113
623,Yellow,Small,Triangle,Solid,Glass,A,6.07,47.27,2.8,146
624,Yellow,Large,Circle,Checked,Plastic,A,6.86,486.37,2.2,165
625,Blue,Large,Square,Striped,Metal,A,5.8,261.42,1.1,122
626,Blue,Small,Square,Solid,Glass,B,4.35,309.02,2.3,138
627,Yellow,Large,Hexagon,Checked,Wood,A,2.83,122.12,3.2,116
628,Blue,Small,Square,Striped,Plastic,C,7.71,244.33,3.2,42
629,Yellow,Large,Hexagon,Dotted,Wood,A,2.34,217.43,2.4,19
630,Yellow,Small,Hexagon,Solid,Wood,C,6.95,42.07,2.8,147
631,Purple,Medium,Hexagon,Checked,Metal,A,2.41,57.55,4.9,20
632,Red,Large,Square,Striped,Wood,C,6.29,419.55,2.5,81
633,Yellow,Large,Hexagon,Striped,Metal,C,7.5,123.71,2.0,56
634,Green,Large,Triangle,Dotted,Glass,A,2.27,101.5,2.0,177
635,Red,Large,Circle,Checked,Plastic,A,0.69,254.93,2.8,73
636,Red,Medium,Circle,Dotted,Wood,C,1.4,385.53,4.0,97
637,Red,Large,Hexagon,Dotted,Plastic,D,6.1,35.66,1.8,153
638,Purple,Medium,Circle,Checked,Wood,B,8.51,290.52,3.8,157
639,Yellow,Medium,Square,Checked,Plastic,D,0.55,64.01,1.1,109
640,Purple,Medium,Square,Checked,Wood,D,7.37,23.05,2.7,114
641,Yellow,Medium,Circle,Solid,Wood,A,3.48,31.11,4.1,158
642,Purple,Small,Square,Checked,Wood,B,4.84,417.91,2.4,41
643,Purple,Small,Circle,Striped,Wood,D,9.3,63.4,3.3,67
644,Green,Large,Circle,Dotted,Wood,A,3.39,27.35,1.8,188
645,Purple,Small,Circle,Solid,Wood,D,4.71,221.76,4.0,188
646,Blue,Small,Hexagon,Checked,Wood,D,0.24,422.78,1.2,69
647,Green,Large,Circle,Solid,Wood,A,0.91,134.89,4.4,77
648,Purple,Large,Hexagon,Checked,Wood,A,2.66,213.75,1.8,195
649,Red,Large,Circle,Solid,Plastic,A,0.38,24.76,4.5,89
650,Blue,Small,Circle,Dotted,Metal,B,6.35,227.29,2.4,110
651,Blue,Small,Circle,Dotted,Wood,D,4.32,290.92,3.9,111
652,Blue,Large,Square,Striped,Metal,A,5.53,287.6,2.3,102
653,Green,Medium,Hexagon,Striped,Wood,C,1.83,169.55,4.6,144
654,Purple,Large,Hexagon,Checked,Wood,D,3.03,161.19,1.5,18
655,Purple,Medium,Circle,Dotted,Plastic,C,6.67,57.78,1.7,178
656,Red,Medium,Circle,Solid,Glass,B,9.66,186.57,3.0,69
657,Red,Large,Square,Solid,Glass,A,0.6,54.25,1.3,62
658,Blue,Large,Square,Solid,Plastic,C,8.91,384.46,1.8,74
659,Red,Large,Square,Striped,Metal,B,5.81,483.31,4.8,157
660,Green,Small,Hexagon,Solid,Glass,A,5.68,485.19,4.9,152
661,Purple,Medium,Hexagon,Striped,Plastic,C,5.05,433.21,2.5,103
662,Blue,Small,Hexagon,Striped,Plastic,C,0.79,302.39,4.7,74
663,Red,Small,Circle,Checked,Glass,B,0.99,351.93,3.2,127
664,Green,Large,Hexagon,Solid,Metal,A,6.05,146.18,2.1,198
665,Green,Small,Triangle,Solid,Plastic,A,3.48,317.23,3.8,153
666,Red,Large,Triangle,Dotted,Wood,C,9.18,230.55,3.6,55
667,Purple,Medium,Square,Checked,Metal,C,4.13,243.6,5.0,21
668,Red,Large,Hexagon,Dotted,Metal,C,1.52,380.1,2.1,88
669,Blue,Small,Triangle,Checked,Glass,A,7.18,144.55,3.7,18
670,Red,Small,Square,Solid,Glass,B,3.0,162.43,1.2,158
671,Green,Large,Hexagon,Striped,Wood,B,5.3,462.7,1.5,25
672,Red,Large,Circle,Striped,Plastic,A,7.01,32.83,1.0,169
673,Purple,Small,Triangle,Striped,Glass,D,9.01,245.39,5.0,168
674,Yellow,Medium,Circle,Striped,Glass,B,7.94,456.84,4.2,22
675,Red,Medium,Hexagon,Striped,Metal,C,6.8,307.13,4.1,46
676,Purple,Large,Triangle,Dotted,Glass,D,6.83,275.47,3.0,12
677,Purple,Medium,Hexagon,Checked,Glass,D,9.46,128.62,2.2,65
678,Green,Small,Circle,Solid,Glass,B,3.03,174.92,1.6,193
679,Purple,Large,Triangle,Dotted,Glass,D,0.11,426.76,2.1,143
680,Purple,Small,Circle,Checked,Metal,D,2.79,281.81,2.5,72
681,Purple,Small,Hexagon,Striped,Wood,B,2.26,259.8,4.0,155
682,Purple,Medium,Hexagon,Checked,Wood,B,6.65,54.29,3.2,76
683,Blue,Large,Circle,Checked,Plastic,D,6.37,12.93,1.3,162
684,Blue,Large,Triangle,Striped,Glass,C,5.98,482.02,1.1,168
685,Green,Medium,Circle,Striped,Metal,A,0.26,191.61,1.4,30
686,Red,Small,Hexagon,Striped,Plastic,D,7.31,303.59,2.6,84
687,Purple,Small,Circle,Solid,Plastic,D,3.3,44.46,4.7,159
688,Red,Small,Hexagon,Striped,Wood,C,6.68,343.14,3.5,181
689,Red,Small,Circle,Solid,Metal,D,5.61,466.62,4.2,199
690,Green,Large,Triangle,Striped,Metal,D,3.49,289.95,2.9,58
691,Purple,Large,Triangle,Solid,Metal,A,1.43,67.43,2.4,40
692,Purple,Medium,Circle,Checked,Wood,A,1.03,292.95,1.4,111
693,Yellow,Medium,Circle,Dotted,Wood,A,8.33,384.34,4.5,193
694,Red,Large,Triangle,Checked,Wood,B,9.19,206.18,4.1,95
695,Red,Large,Hexagon,Checked,Wood,B,6.53,440.52,1.7,181
696,Blue,Small,Triangle,Striped,Wood,A,1.12,326.1,3.0,167
697,Yellow,Small,Hexagon,Solid,Glass,A,4.08,450.13,2.9,121
698,Blue,Medium,Circle,Dotted,Glass,B,7.32,313.64,3.5,155
699,Blue,Large,Circle,Striped,Metal,C,7.82,69.99,4.8,164
700,Blue,Medium,Hexagon,Striped,Plastic,D,1.27,158.3,3.3,104
701,Green,Large,Circle,Striped,Metal,D,0.1,104.89,3.2,192
702,Green,Small,Hexagon,Checked,Plastic,A,7.15,454.87,1.2,73
703,Blue,Medium,Square,Solid,Wood,C,3.63,381.4,1.3,182
704,Yellow,Medium,Triangle,Solid,Plastic,B,2.62,339.82,1.7,131
705,Red,Large,Square,Dotted,Metal,A,0.23,153.98,1.1,98
706,Yellow,Small,Hexagon,Solid,Metal,C,5.45,96.1,4.0,125
707,Purple,Medium,Triangle,Solid,Plastic,C,8.53,379.44,3.9,137
708,Green,Small,Hexagon,Striped,Glass,C,9.58,239.71,1.5,174
709,Red,Medium,Triangle,Striped,Wood,B,5.7,116.77,4.3,74
710,Red,Small,Triangle,Checked,Wood,B,5.19,310.23,1.6,13
711,Purple,Large,Triangle,Striped,Metal,D,0.94,24.97,2.2,37
712,Purple,Medium,Triangle,Striped,Glass,D,5.53,166.45,2.0,139
713,Blue,Medium,Hexagon,Striped,Plastic,C,3.86,236.94,2.5,44
714,Green,Small,Triangle,Striped,Wood,C,6.11,78.24,2.0,144
715,Green,Small,Triangle,Checked,Glass,B,3.95,492.4,3.0,162
716,Yellow,Medium,Square,Striped,Wood,D,2.48,108.5,2.6,193
717,Blue,Large,Circle,Dotted,Glass,C,1.04,69.52,4.9,74
718,Blue,Small,Circle,Dotted,Glass,D,3.22,105.75,1.2,168
719,Blue,Small,Square,Dotted,Metal,D,1.06,385.69,1.6,194
720,Blue,Small,Square,Dotted,Wood,C,1.85,215.63,1.2,28
721,Green,Medium,Hexagon,Striped,Plastic,B,9.87,284.88,3.5,17
722,Green,Medium,Hexagon,Dotted,Metal,C,4.5,15.4,1.2,19
723,Blue,Medium,Hexagon,Striped,Metal,C,5.37,22.04,4.3,13
724,Yellow,Medium,Square,Checked,Plastic,D,8.75,225.68,3.0,161
725,Red,Large,Square,Dotted,Metal,C,9.96,409.24,3.1,176
726,Red,Large,Triangle,Solid,Glass,B,5.87,443.19,3.2,53
727,Yellow,Medium,Hexagon,Dotted,Glass,C,8.14,47.92,1.7,30
728,Blue,Large,Hexagon,Dotted,Wood,B,3.34,271.49,1.8,57
729,Green,Small,Hexagon,Striped,Wood,B,3.13,457.05,2.3,103
730,Red,Small,Circle,Dotted,Plastic,D,4.09,197.05,3.4,169
731,Purple,Small,Triangle,Solid,Wood,A,6.76,415.64,1.8,185
732,Purple,Medium,Hexagon,Striped,Glass,A,6.85,71.18,1.5,127
733,Yellow,Small,Hexagon,Striped,Plastic,D,3.22,468.02,4.9,157
734,Blue,Large,Hexagon,Checked,Plastic,C,1.42,376.95,1.1,24
735,Red,Medium,Circle,Checked,Wood,D,6.36,470.96,4.2,190
736,Blue,Large,Circle,Dotted,Glass,B,1.37,339.93,4.2,18
737,Red,Small,Square,Checked,Plastic,A,5.83,184.88,2.2,199
738,Yellow,Small,Triangle,Checked,Glass,D,6.96,469.4,1.5,135
739,Yellow,Small,Square,Checked,Glass,C,7.04,141.41,1.6,2
740,Purple,Medium,Triangle,Striped,Glass,D,7.56,169.43,3.8,194
741,Blue,Large,Circle,Striped,Wood,A,8.74,351.9,3.6,85
742,Purple,Medium,Hexagon,Striped,Metal,D,5.05,383.83,4.1,144
743,Blue,Medium,Square,Checked,Metal,D,7.33,465.05,4.7,141
744,Purple,Small,Hexagon,Striped,Plastic,A,6.23,106.38,3.8,8
745,Green,Medium,Square,Checked,Glass,B,1.95,400.01,1.6,189
746,Green,Medium,Circle,Striped,Wood,B,0.35,370.58,2.0,93
747,Green,Small,Circle,Striped,Glass,A,2.92,36.58,4.4,148
748,Green,Medium,Circle,Solid,Glass,D,4.49,196.68,1.8,164
749,Red,Small,Square,Dotted,Wood,A,6.21,144.97,1.3,138
750,Green,Small,Triangle,Checked,Metal,B,8.51,155.72,3.8,19
751,Yellow,Small,Square,Solid,Glass,C,2.04,491.56,2.6,34
752,Yellow,Small,Triangle,Striped,Glass,D,1.34,323.17,4.7,52
753,Red,Medium,Square,Checked,Metal,B,9.64,360.25,3.6,174
754,Green,Small,Square,Striped,Wood,D,1.17,488.43,1.4,109
755,Green,Small,Circle,Dotted,Plastic,A,4.84,191.71,4.8,179
756,Green,Medium,Hexagon,Solid,Metal,C,5.9,401.91,2.0,135
757,Purple,Medium,Hexagon,Dotted,Plastic,A,5.46,220.09,2.3,3
758,Blue,Large,Triangle,Solid,Plastic,C,0.95,435.42,2.6,154
759,Purple,Medium,Hexagon,Striped,Metal,D,0.66,94.43,1.2,171
760,Blue,Medium,Square,Dotted,Glass,D,1.14,474.1,3.0,167
761,Green,Large,Square,Dotted,Plastic,A,5.9,113.29,1.5,101
762,Green,Medium,Circle,Striped,Plastic,C,5.49,166.48,2.6,46
763,Purple,Medium,Circle,Dotted,Wood,C,2.41,379.32,2.4,93
764,Purple,Medium,Hexagon,Checked,Glass,D,6.41,199.91,4.1,171
765,Blue,Medium,Triangle,Solid,Plastic,A,8.22,306.06,4.2,47
766,Yellow,Large,Hexagon,Solid,Wood,C,0.51,225.06,1.6,90
767,Blue,Medium,Hexagon,Solid,Glass,D,5.03,372.47,2.5,179
768,Purple,Medium,Hexagon,Checked,Metal,B,6.92,118.02,2.5,83
769,Purple,Large,Hexagon,Solid,Metal,A,2.6,33.94,1.6,67
770,Red,Small,Square,Striped,Wood,B,3.15,153.47,4.2,138
771,Purple,Large,Triangle,Dotted,Metal,A,6.18,239.78,3.8,124
772,Red,Small,Square,Checked,Plastic,D,8.99,88.17,1.8,72
773,Yellow,Large,Triangle,Solid,Glass,C,8.12,180.62,2.5,3
774,Blue,Large,Circle,Striped,Plastic,C,5.87,202.99,1.4,75
775,Blue,Medium,Hexagon,Dotted,Plastic,C,7.33,33.41,3.5,72
776,Red,Small,Square,Dotted,Metal,A,3.71,293.74,1.5,76
777,Blue,Medium,Triangle,Checked,Plastic,D,6.45,442.75,4.9,47
778,Purple,Small,Circle,Checked,Metal,B,4.72,80.11,4.1,153
779,Green,Large,Circle,Checked,Glass,D,1.98,300.91,2.6,101
780,Red,Large,Hexagon,Striped,Glass,B,7.05,334.05,3.3,105
781,Blue,Small,Triangle,Striped,Plastic,A,5.61,212.57,4.6,76
782,Red,Medium,Square,Checked,Wood,A,3.65,352.04,3.2,38
783,Red,Medium,Hexagon,Solid,Metal,B,9.12,208.31,1.7,57
784,Green,Medium,Square,Dotted,Metal,B,0.31,254.8,2.5,18
785,Purple,Medium,Circle,Dotted,Plastic,B,3.23,8.64,4.4,87
786,Red,Large,Square,Striped,Metal,D,0.66,347.4,3.6,112
787,Blue,Large,Square,Dotted,Metal,B,7.69,332.36,3.6,76
788,Yellow,Large,Hexagon,Solid,Wood,A,7.05,24.01,4.5,76
789,Red,Large,Square,Dotted,Wood,A,3.38,187.28,4.6,185
790,Red,Large,Hexagon,Striped,Plastic,C,6.79,489.62,4.7,27
791,Green,Medium,Circle,Striped,Wood,B,4.02,213.26,1.4,65
792,Purple,Medium,Hexagon,Solid,Plastic,D,7.59,253.46,3.2,9
793,Yellow,Medium,Hexagon,Solid,Glass,D,4.6,455.42,4.0,125
794,Blue,Medium,Triangle,Dotted,Plastic,D,4.18,360.04,4.0,57
795,Yellow,Large,Square,Dotted,Glass,C,9.35,293.12,3.4,141
796,Blue,Large,Circle,Striped,Plastic,A,2.58,399.91,1.7,124
797,Purple,Large,Hexagon,Solid,Metal,D,1.29,432.86,4.2,111
798,Blue,Small,Circle,Solid,Wood,A,5.89,231.16,3.9,83
799,Green,Medium,Triangle,Solid,Glass,C,9.7,240.18,1.3,142
800,Green,Medium,Square,Dotted,Plastic,B,3.84,196.1,2.9,95
801,Green,Large,Hexagon,Solid,Wood,B,0.71,483.52,1.7,32
802,Green,Medium,Square,Striped,Plastic,B,3.46,350.1,2.3,144
803,Yellow,Medium,Triangle,Striped,Wood,D,5.11,46.2,1.1,151
804,Purple,Large,Triangle,Dotted,Wood,B,1.7,432.17,2.6,157
805,Blue,Small,Circle,Checked,Plastic,D,6.62,242.88,3.2,189
806,Blue,Small,Hexagon,Dotted,Glass,C,9.98,39.03,3.5,140
807,Green,Small,Circle,Checked,Glass,C,4.57,277.11,3.7,189
808,Green,Large,Triangle,Solid,Metal,D,3.61,211.5,4.3,46
809,Red,Medium,Square,Dotted,Wood,A,4.07,439.49,1.9,111
810,Purple,Large,Circle,Striped,Metal,B,1.24,105.98,1.5,143
811,Yellow,Large,Circle,Solid,Metal,B,8.84,414.1,4.4,193
812,Blue,Medium,Square,Striped,Plastic,B,4.21,281.06,1.6,42
813,Red,Small,Circle,Solid,Plastic,D,3.93,32.03,4.9,7
814,Red,Small,Square,Dotted,Plastic,C,6.63,486.06,4.4,2
815,Blue,Large,Hexagon,Checked,Wood,B,4.48,258.74,3.0,124
816,Yellow,Small,Square,Solid,Plastic,C,6.52,148.98,4.9,11
817,Red,Large,Hexagon,Checked,Plastic,B,0.71,237.36,1.4,83
818,Red,Large,Square,Solid,Wood,B,8.16,429.64,2.2,15
819,Purple,Medium,Triangle,Striped,Wood,D,9.41,155.93,3.6,77
820,Yellow,Medium,Triangle,Striped,Glass,A,6.52,100.37,2.4,58
821,Red,Medium,Hexagon,Solid,Plastic,D,9.55,68.89,4.7,176
822,Yellow,Large,Hexagon,Checked,Plastic,B,1.6,152.44,1.3,62
823,Blue,Medium,Triangle,Dotted,Plastic,B,4.83,391.12,3.2,189
824,Green,Small,Hexagon,Dotted,Glass,A,6.06,238.46,3.4,48
825,Red,Small,Square,Striped,Plastic,C,5.86,117.6,3.6,50
826,Purple,Large,Square,Dotted,Glass,C,4.07,87.26,2.0,32
827,Blue,Large,Triangle,Striped,Metal,B,3.45,169.7,2.5,29
828,Yellow,Medium,Circle,Dotted,Glass,C,1.36,470.26,4.4,186
829,Blue,Large,Square,Solid,Metal,B,3.98,174.8,1.8,75
830,Red,Large,Hexagon,Striped,Plastic,A,1.71,494.12,4.3,14
831,Yellow,Small,Circle,Striped,Metal,A,7.37,245.19,3.3,81
832,Green,Small,Circle,Solid,Glass,B,2.17,93.69,4.0,91
833,Blue,Medium,Square,Striped,Wood,A,0.68,446.11,3.9,22
834,Red,Large,Square,Dotted,Metal,D,5.57,232.88,1.8,93
835,Purple,Large,Circle,Dotted,Metal,D,5.99,356.29,3.3,44
836,Yellow,Small,Circle,Striped,Plastic,A,8.73,491.94,4.5,61
837,Blue,Large,Triangle,Dotted,Glass,B,5.81,29.84,2.7,198
838,Blue,Small,Hexagon,Checked,Metal,B,3.52,52.86,4.9,14
839,Green,Medium,Triangle,Striped,Metal,A,8.05,361.63,2.8,45
840,Green,Small,Square,Solid,Metal,C,5.45,144.5,1.6,63
841,Purple,Large,Triangle,Checked,Metal,D,0.88,96.23,2.6,173
842,Purple,Medium,Triangle,Striped,Wood,C,5.7,24.48,4.8,183
843,Red,Small,Triangle,Solid,Glass,B,9.09,15.81,2.3,171
844,Red,Small,Triangle,Dotted,Plastic,B,4.02,388.37,4.5,74
845,Purple,Medium,Hexagon,Solid,Plastic,C,3.03,71.54,4.5,156
846,Purple,Medium,Hexagon,Checked,Wood,A,1.52,236.52,2.4,189
847,Yellow,Small,Circle,Dotted,Glass,C,1.6,304.92,1.3,51
848,Green,Large,Square,Striped,Metal,C,4.38,217.03,3.9,181
849,Red,Small,Triangle,Dotted,Wood,D,6.0,18.42,2.2,87
850,Green,Medium,Circle,Striped,Glass,D,0.9,392.83,4.1,56
851,Green,Small,Circle,Striped,Metal,C,9.4,10.2,2.8,82
852,Purple,Medium,Circle,Solid,Wood,C,7.58,382.14,2.9,65
853,Yellow,Medium,Hexagon,Solid,Glass,B,5.91,447.19,4.1,149
854,Blue,Large,Triangle,Solid,Plastic,D,8.3,219.26,2.5,19
855,Yellow,Medium,Triangle,Checked,Plastic,D,0.89,270.09,2.8,32
856,Yellow,Medium,Square,Checked,Glass,B,4.82,241.11,2.5,71
857,Green,Large,Triangle,Solid,Plastic,A,6.34,197.66,2.5,24
858,Yellow,Medium,Triangle,Checked,Glass,D,8.3,444.28,3.1,45
859,Red,Large,Circle,Dotted,Metal,D,7.86,447.5,4.2,72
860,Green,Large,Square,Dotted,Glass,A,2.84,171.23,2.4,97
861,Red,Medium,Triangle,Checked,Metal,D,9.41,309.46,3.1,56
862,Blue,Medium,Hexagon,Checked,Wood,D,1.33,463.82,3.7,86
863,Green,Small,Triangle,Dotted,Glass,A,8.76,481.22,2.1,132
864,Blue,Large,Circle,Striped,Wood,A,9.71,256.93,2.1,54
865,Green,Small,Hexagon,Dotted,Plastic,C,1.85,229.15,4.7,60
866,Purple,Medium,Circle,Dotted,Metal,B,7.25,142.95,3.9,88
867,Yellow,Small,Triangle,Checked,Glass,B,0.5,479.64,3.3,7
868,Purple,Large,Hexagon,Dotted,Wood,A,4.11,75.69,3.6,15
869,Blue,Small,Square,Checked,Metal,A,5.21,292.02,1.1,175
870,Yellow,Large,Square,Checked,Metal,D,5.85,144.86,3.5,115
871,Green,Medium,Hexagon,Solid,Plastic,C,9.37,143.11,3.0,60
872,Yellow,Medium,Hexagon,Dotted,Plastic,C,6.76,205.46,3.2,14
873,Red,Large,Circle,Striped,Metal,A,4.86,499.4,2.4,192
874,Yellow,Medium,Hexagon,Solid,Metal,D,8.12,32.21,1.3,149
875,Red,Medium,Circle,Checked,Glass,D,9.51,291.38,1.8,130
876,Yellow,Medium,Triangle,Checked,Metal,B,0.32,45.87,4.8,101
877,Red,Medium,Circle,Striped,Glass,B,9.83,81.49,2.6,53
878,Blue,Large,Hexagon,Checked,Metal,D,0.95,222.58,2.9,13
879,Purple,Small,Hexagon,Dotted,Plastic,B,8.16,257.68,1.2,35
880,Green,Small,Triangle,Solid,Glass,A,2.88,133.1,1.2,104
881,Yellow,Medium,Hexagon,Checked,Wood,D,1.41,161.65,3.9,81
882,Purple,Small,Hexagon,Checked,Plastic,B,4.45,48.05,3.2,66
883,Green,Small,Square,Striped,Glass,C,6.48,155.09,3.0,9
884,Green,Medium,Square,Dotted,Glass,D,3.87,483.45,2.0,48
885,Red,Medium,Triangle,Checked,Wood,D,0.64,472.63,4.0,110
886,Blue,Small,Circle,Striped,Glass,C,6.03,170.76,1.7,64
887,Blue,Large,Square,Checked,Metal,A,9.03,287.57,1.8,56
888,Purple,Medium,Circle,Striped,Wood,C,3.89,455.25,2.8,26
889,Blue,Large,Hexagon,Striped,Plastic,D,2.24,8.06,2.1,112
890,Yellow,Small,Square,Dotted,Plastic,A,4.48,406.29,2.0,132
891,Blue,Medium,Triangle,Checked,Metal,B,0.58,474.44,3.6,70
892,Purple,Large,Triangle,Dotted,Plastic,B,8.22,50.21,3.6,82
893,Blue,Medium,Triangle,Striped,Glass,B,8.28,84.92,4.3,56
894,Yellow,Small,Square,Solid,Glass,D,5.92,480.57,2.7,119
895,Red,Large,Circle,Checked,Metal,C,3.6,271.08,1.3,92
896,Purple,Small,Hexagon,Solid,Plastic,A,8.02,12.03,2.1,14
897,Red,Small,Circle,Checked,Plastic,B,5.59,132.53,4.9,110
898,Red,Medium,Circle,Dotted,Metal,A,8.28,227.72,3.4,100
899,Red,Large,Hexagon,Dotted,Wood,D,6.35,347.99,3.8,118
900,Green,Small,Hexagon,Dotted,Plastic,B,7.87,367.91,1.0,75
901,Green,Small,Square,Dotted,Wood,D,6.03,497.73,3.1,157
902,Red,Large,Square,Dotted,Plastic,C,4.2,147.32,1.2,19
903,Purple,Small,Square,Solid,Plastic,D,9.58,271.42,3.3,164
904,Yellow,Small,Square,Dotted,Plastic,D,5.46,269.0,4.7,130
905,Yellow,Large,Square,Striped,Plastic,C,6.09,205.79,4.9,72
906,Blue,Large,Hexagon,Striped,Glass,A,2.28,88.74,3.2,121
907,Purple,Large,Circle,Solid,Wood,C,6.29,488.84,2.8,40
908,Green,Large,Square,Checked,Wood,C,5.76,427.39,4.8,166
909,Red,Medium,Square,Striped,Plastic,D,1.93,251.67,3.7,153
910,Blue,Large,Circle,Checked,Plastic,A,0.69,303.61,1.3,129
911,Yellow,Medium,Square,Solid,Wood,B,6.08,117.49,2.9,22
912,Green,Medium,Circle,Checked,Glass,C,7.66,274.17,2.0,22
913,Green,Medium,Circle,Checked,Metal,A,5.28,349.01,2.9,143
914,Red,Small,Hexagon,Checked,Metal,C,2.35,260.01,2.8,8
915,Yellow,Medium,Triangle,Checked,Wood,C,6.7,495.19,3.3,12
916,Purple,Medium,Hexagon,Solid,Plastic,C,0.89,307.61,2.4,155
917,Green,Small,Triangle,Striped,Plastic,C,4.47,188.63,1.7,154
918,Red,Small,Triangle,Dotted,Glass,D,1.72,387.22,3.0,50
919,Purple,Small,Triangle,Checked,Metal,A,1.93,89.38,4.3,63
920,Yellow,Large,Square,Striped,Glass,A,2.1,195.34,3.7,51
921,Green,Small,Hexagon,Striped,Metal,A,3.93,176.74,2.4,37
922,Purple,Small,Triangle,Solid,Wood,C,0.61,218.74,4.7,99
923,Purple,Medium,Circle,Striped,Metal,D,4.04,391.98,4.6,192
924,Purple,Small,Square,Solid,Glass,C,5.17,244.67,1.8,145
925,Green,Large,Hexagon,Checked,Glass,C,4.88,398.04,1.2,190
926,Green,Small,Triangle,Checked,Glass,A,3.89,290.36,4.0,50
927,Blue,Large,Circle,Dotted,Wood,C,8.41,174.32,4.3,136
928,Yellow,Small,Hexagon,Dotted,Metal,B,1.54,405.94,4.9,140
929,Red,Small,Hexagon,Dotted,Metal,C,5.11,122.95,4.6,167
930,Purple,Small,Square,Striped,Glass,B,0.71,116.07,3.4,54
931,Blue,Small,Hexagon,Checked,Metal,C,0.8,254.73,3.1,108
932,Red,Large,Square,Solid,Plastic,D,5.78,134.12,1.1,170
933,Blue,Large,Triangle,Dotted,Plastic,D,5.7,9.5,2.0,43
934,Green,Medium,Square,Solid,Plastic,A,8.79,325.91,2.8,109
935,Purple,Large,Circle,Solid,Metal,C,5.62,257.99,3.5,195
936,Red,Small,Square,Dotted,Wood,B,9.6,225.53,3.2,160
937,Red,Medium,Circle,Checked,Wood,B,0.58,483.65,4.0,151
938,Red,Medium,Square,Dotted,Wood,C,1.07,287.74,2.1,163
939,Red,Medium,Hexagon,Solid,Wood,B,0.54,432.4,3.3,127
940,Red,Small,Triangle,Dotted,Plastic,D,1.93,74.03,1.4,104
941,Blue,Large,Circle,Solid,Plastic,B,5.46,286.76,2.7,9
942,Purple,Small,Square,Solid,Glass,A,6.49,434.65,4.0,99
943,Green,Medium,Square,Dotted,Metal,D,0.55,293.64,3.8,147
944,Green,Small,Square,Striped,Metal,D,9.47,360.42,5.0,108
945,Green,Small,Hexagon,Dotted,Wood,D,8.44,189.16,2.1,107
946,Green,Large,Hexagon,Striped,Plastic,C,3.04,50.76,3.0,139
947,Blue,Large,Circle,Solid,Wood,C,0.86,231.66,2.3,189
948,Yellow,Medium,Circle,Solid,Glass,D,1.78,200.27,2.8,145
949,Purple,Small,Hexagon,Striped,Metal,C,1.36,434.19,4.4,93
950,Red,Small,Circle,Solid,Metal,B,1.32,125.78,3.7,62
951,Yellow,Large,Triangle,Striped,Wood,C,5.23,483.53,4.5,83
952,Green,Small,Triangle,Striped,Glass,C,2.53,479.28,1.8,24
953,Yellow,Small,Hexagon,Solid,Metal,D,3.65,127.58,4.5,11
954,Purple,Small,Circle,Checked,Glass,A,9.9,177.29,1.2,148
955,Red,Large,Square,Striped,Glass,A,6.87,448.3,4.6,24
956,Red,Medium,Triangle,Dotted,Wood,A,9.49,483.48,2.3,10
957,Purple,Medium,Hexagon,Dotted,Plastic,B,1.51,224.5,2.3,63
958,Purple,Small,Circle,Solid,Wood,C,3.88,163.89,3.0,125
959,Green,Medium,Hexagon,Checked,Plastic,A,5.59,265.42,4.8,49
960,Red,Large,Square,Solid,Glass,D,0.86,345.45,1.2,189
961,Yellow,Large,Triangle,Checked,Plastic,A,0.14,140.37,2.4,88
962,Blue,Medium,Hexagon,Striped,Glass,A,6.74,369.55,4.4,98
963,Blue,Medium,Hexagon,Striped,Metal,C,6.45,30.57,2.6,115
964,Purple,Small,Hexagon,Striped,Metal,C,4.17,29.4,1.8,95
965,Green,Medium,Square,Striped,Metal,C,4.95,196.21,2.7,176
966,Blue,Small,Hexagon,Dotted,Wood,B,4.21,179.97,2.5,13
967,Red,Small,Square,Dotted,Wood,B,0.34,161.24,4.7,0
968,Purple,Large,Square,Solid,Glass,A,3.42,248.05,4.0,24
969,Yellow,Large,Square,Checked,Metal,C,1.85,163.76,3.0,186
970,Purple,Large,Triangle,Striped,Wood,A,1.07,100.17,5.0,71
971,Yellow,Large,Triangle,Striped,Metal,D,9.57,158.19,2.9,68
972,Purple,Medium,Hexagon,Checked,Wood,D,6.03,487.58,1.2,132
973,Purple,Large,Hexagon,Checked,Plastic,C,7.31,208.5,2.0,104
974,Purple,Medium,Triangle,Solid,Plastic,C,3.22,225.13,2.7,146
975,Yellow,Large,Circle,Checked,Metal,D,3.99,290.39,1.6,22
976,Yellow,Medium,Triangle,Striped,Glass,C,2.45,491.75,4.8,8
977,Purple,Small,Square,Striped,Wood,B,1.06,124.59,4.1,117
978,Blue,Medium,Triangle,Striped,Wood,B,1.87,342.23,2.1,93
979,Green,Medium,Square,Striped,Plastic,C,8.0,359.41,3.4,177
980,Green,Large,Hexagon,Striped,Plastic,D,6.81,305.63,3.9,143
981,Green,Medium,Circle,Solid,Glass,A,5.51,48.85,4.8,32
982,Yellow,Small,Hexagon,Striped,Glass,C,4.8,340.05,4.5,129
983,Yellow,Small,Square,Solid,Glass,C,9.23,36.73,3.1,13
984,Blue,Large,Square,Striped,Metal,A,0.82,300.09,4.1,0
985,Green,Small,Square,Dotted,Plastic,C,2.88,371.09,3.2,89
986,Green,Medium,Circle,Dotted,Metal,A,3.56,109.43,3.2,185
987,Purple,Small,Triangle,Dotted,Plastic,D,7.85,421.6,1.5,88
988,Yellow,Large,Hexagon,Dotted,Plastic,B,9.93,20.03,1.5,143
989,Green,Medium,Hexagon,Solid,Wood,D,2.48,422.69,3.1,89
990,Blue,Large,Triangle,Solid,Plastic,B,8.76,232.86,2.1,174
991,Blue,Medium,Hexagon,Checked,Plastic,A,8.32,112.71,1.1,171
992,Green,Small,Circle,Striped,Metal,B,2.32,71.22,3.9,13
993,Yellow,Large,Hexagon,Dotted,Plastic,D,4.05,476.89,1.1,151
994,Blue,Large,Square,Solid,Metal,B,4.16,40.97,3.4,110
995,Purple,Medium,Triangle,Striped,Glass,A,9.78,103.55,3.2,182
996,Blue,Large,Circle,Striped,Plastic,B,1.89,177.17,4.9,142
997,Red,Medium,Triangle,Solid,Plastic,C,8.01,312.02,2.9,82
998,Red,Medium,Circle,Dotted,Metal,D,3.41,274.68,1.3,71
999,Yellow,Medium,Square,Checked,Glass,C,7.34,67.19,3.2,161
1000,Green,Medium,Triangle,Striped,Wood,A,4.26,148.42,4.4,129
